[
  {
    "data": "15/02/2010",
    "nome": "Carnaval",
    "tipo": "FACULTATIVO",
    "descricao": "Ponto Facultativo, ou seja, cabe às empresas e orgão públicos decidirem se trabalharão ou não.",
    "uf": "",
    "codigo_ibge": null
  },
  {
    "data": "16/02/2010",
    "nome": "Carnaval",
    "tipo": "FACULTATIVO",
    "descricao": "Carnaval NÃO é um feriado oficial, é Ponto Facultativo, ou seja, cabe às empresas e orgão públicos decidirem se trabalharão ou não.",
    "uf": "",
    "codigo_ibge": null
  },
  {
    "data": "17/02/2010",
    "nome": "Carnaval",
    "tipo": "FACULTATIVO",
    "descricao": "Ponto Facultativo até às 14h.",
    "uf": "",
    "codigo_ibge": null
  },
  {
    "data": "03/06/2010",
    "nome": "Corpus Christi",
    "tipo": "FACULTATIVO",
    "descricao": "Ponto Facultativo no País, mas Feriado Municipal em algumas cidades.. Corpus Christi, expressão latina que significa Corpo de Cristo, é uma festa Cristã realizada na quinta-feira seguinte ao domingo da Santíssima Trindade.",
    "uf": "",
    "codigo_ibge": null
  },
  {
    "data": "15/10/2010",
    "nome": "Dia do Professor",
    "tipo": "FACULTATIVO",
    "descricao": "FERIADO ESCOLAR - No dia 15 de outubro de 1827 (dia consagrado à educadora Santa Teresa de Ávila), o Imperador do Brasil, Pedro I, baixou um Decreto Imperial que criou o Ensino Elementar no Brasil. Pelo decreto, \"todas as cidades, vilas e lugarejos teriam suas escolas de primeiras letras\"",
    "uf": "",
    "codigo_ibge": null
  },
  {
    "data": "28/10/2010",
    "nome": "Dia do Servidor Público",
    "tipo": "FACULTATIVO",
    "descricao": "O dia do servidor público é feriado apenas para funcionários públicos.",
    "uf": "",
    "codigo_ibge": null
  },
  {
    "data": "08/12/2010",
    "nome": "Ponto Facultativo",
    "tipo": "FACULTATIVO",
    "descricao": "Nossa Senhora da Conceição",
    "uf": "",
    "codigo_ibge": null
  },
  {
    "data": "31/10/2010",
    "nome": "Dia do Evangélico",
    "tipo": "FACULTATIVO",
    "descricao": "Dia do Evangélico",
    "uf": "",
    "codigo_ibge": null
  },
  {
    "data": "20/11/2010",
    "nome": "Dia da Consciência Negra",
    "tipo": "FACULTATIVO",
    "descricao": "Lei Municipal No 1985, de 2009. Prefeitura não funcionará. O Comércio deverá Funcionar normalmente",
    "uf": "",
    "codigo_ibge": null
  },
  {
    "data": "19/03/2010",
    "nome": "Dia de São José",
    "tipo": "FACULTATIVO",
    "descricao": "Padroeiro do Estado do Ceará",
    "uf": "",
    "codigo_ibge": null
  },
  {
    "data": "26/07/2010",
    "nome": "Fundação da Cidade de Goiás",
    "tipo": "FACULTATIVO",
    "descricao": "Feriado para Servidores Públicos. Determinado pelo Estatuto dos Funcionários Públicos Civis do Estado de Goiás e de suas Autarquias, Lei nº 10.460, de 22 de fevereiro de 1988",
    "uf": "",
    "codigo_ibge": null
  },
  {
    "data": "24/10/2010",
    "nome": "Pedra fundamental de Goiânia",
    "tipo": "FACULTATIVO",
    "descricao": "Feriado para Servidores Públicos. Determinado pelo Estatuto dos Funcionários Públicos Civis do Estado de Goiás e de suas Autarquias, Lei nº 10.460, de 22 de fevereiro de 1988",
    "uf": "",
    "codigo_ibge": null
  },
  {
    "data": "16/02/2010",
    "nome": "Terça de Carnaval",
    "tipo": "FACULTATIVO",
    "descricao": "Feriado apenas no Comércio, segundo Lei nº 5913, de 21 de junho de 1991",
    "uf": "",
    "codigo_ibge": null
  },
  {
    "data": "28/02/2010",
    "nome": "Facultativo",
    "tipo": "FACULTATIVO",
    "descricao": "aniversário de morte de José Pedro Dias, fundador de Juara",
    "uf": "",
    "codigo_ibge": null
  },
  {
    "data": "28/10/2010",
    "nome": "Servidor público",
    "tipo": "FACULTATIVO",
    "descricao": "Ponto facultativo, Dia do Servidor Público",
    "uf": "",
    "codigo_ibge": null
  },
  {
    "data": "08/12/2010",
    "nome": "Dia da Imaculada Conceição",
    "tipo": "FACULTATIVO",
    "descricao": "Dia da Imaculada Conceição, padroeira da cidade",
    "uf": "",
    "codigo_ibge": null
  },
  {
    "data": "29/06/2010",
    "nome": "São Pedro",
    "tipo": "FACULTATIVO",
    "descricao": "",
    "uf": "",
    "codigo_ibge": null
  },
  {
    "data": "01/04/2010",
    "nome": "Quinta-feira santa",
    "tipo": "FACULTATIVO",
    "descricao": "",
    "uf": "",
    "codigo_ibge": null
  },
  {
    "data": "08/12/2010",
    "nome": "N. Sra. da Conceição",
    "tipo": "FACULTATIVO",
    "descricao": "Nossa Senhora da Conceição",
    "uf": "",
    "codigo_ibge": null
  },
  {
    "data": "28/10/2010",
    "nome": "Ponto Facultativo Municipal",
    "tipo": "FACULTATIVO",
    "descricao": "Dia do Servidor Público - art. 249 da Lei Municipal nº 2.215/1991",
    "uf": "",
    "codigo_ibge": null
  },
  {
    "data": "29/03/2010",
    "nome": "Aniversário da Ciadade",
    "tipo": "FACULTATIVO",
    "descricao": "Fundação de Curitiba - Aniversário da Cidade (Ponto Facultativo), conforme Lei Municipal nº229,26/12/49",
    "uf": "",
    "codigo_ibge": null
  },
  {
    "data": "15/02/2010",
    "nome": "Segunda de Carnaval",
    "tipo": "FACULTATIVO",
    "descricao": "Ponto Facultativo nas repartições públicas",
    "uf": "",
    "codigo_ibge": null
  },
  {
    "data": "17/02/2010",
    "nome": "Quarta Feira de Cinzas",
    "tipo": "FACULTATIVO",
    "descricao": "Ponto Facultativo nas repartições públicas",
    "uf": "",
    "codigo_ibge": null
  },
  {
    "data": "31/12/2010",
    "nome": "Após o meio-dia, Véspera de Ano Novo",
    "tipo": "FACULTATIVO",
    "descricao": "De acordo com o Decreto nº 18882-E de 01 de junho de 2015",
    "uf": "",
    "codigo_ibge": null
  },
  {
    "data": "19/03/2010",
    "nome": "São José",
    "tipo": "FACULTATIVO",
    "descricao": "Dia de São José padroeiro de Mafra",
    "uf": "",
    "codigo_ibge": null
  },
  {
    "data": "30/06/2010",
    "nome": "Emancipação",
    "tipo": "FACULTATIVO",
    "descricao": "Emancipação político-administrativa do município",
    "uf": "",
    "codigo_ibge": null
  },
  {
    "data": "20/11/2010",
    "nome": "Consciência Negra",
    "tipo": "FACULTATIVO",
    "descricao": "Dia da Consciência Negra. Ponto Facultativo de acordo com a Lei Municipal 2484/2008",
    "uf": "",
    "codigo_ibge": null
  }
]