INSERT INTO feriado (data, nome, tipo, descricao, uf, codigo_ibge) VALUES ('24/01/2026', 'Dia do Evangélico', 'ESTADUAL', 'Dia do Evangélico', 'AC', null);
INSERT INTO feriado (data, nome, tipo, descricao, uf, codigo_ibge) VALUES ('08/03/2026', 'Dia da Mulher', 'ESTADUAL', 'Dia da Mulher', 'AC', null);
INSERT INTO feriado (data, nome, tipo, descricao, uf, codigo_ibge) VALUES ('15/06/2026', 'Aniversário do Acre', 'ESTADUAL', 'Aniversário do Acre', 'AC', null);
INSERT INTO feriado (data, nome, tipo, descricao, uf, codigo_ibge) VALUES ('06/08/2026', 'Revolução Acreana', 'ESTADUAL', 'Revolução Acreana', 'AC', null);
INSERT INTO feriado (data, nome, tipo, descricao, uf, codigo_ibge) VALUES ('05/09/2026', 'Dia da Amazônia', 'ESTADUAL', 'Dia da Amazônia', 'AC', null);
INSERT INTO feriado (data, nome, tipo, descricao, uf, codigo_ibge) VALUES ('29/06/2026', 'Dia de São Pedro', 'ESTADUAL', 'Dia de São Pedro', 'AL', null);
INSERT INTO feriado (data, nome, tipo, descricao, uf, codigo_ibge) VALUES ('16/09/2026', 'Emancipação de Alagoas', 'ESTADUAL', 'Emancipação de Alagoas', 'AL', null);
INSERT INTO feriado (data, nome, tipo, descricao, uf, codigo_ibge) VALUES ('05/09/2026', 'Aniversário do Amazonas', 'ESTADUAL', 'Aniversário do Amazonas', 'AM', null);
INSERT INTO feriado (data, nome, tipo, descricao, uf, codigo_ibge) VALUES ('08/12/2026', 'Dia de Nossa Senhora da Conceição', 'ESTADUAL', 'Dia de Nossa Senhora da Conceição', 'AM', null);
INSERT INTO feriado (data, nome, tipo, descricao, uf, codigo_ibge) VALUES ('19/03/2026', 'Dia de São José', 'ESTADUAL', 'Dia de São José', 'AP', null);
INSERT INTO feriado (data, nome, tipo, descricao, uf, codigo_ibge) VALUES ('15/05/2026', 'Dia de Cabralzinho', 'ESTADUAL', 'Dia de Cabralzinho', 'AP', null);
INSERT INTO feriado (data, nome, tipo, descricao, uf, codigo_ibge) VALUES ('13/09/2026', 'Aniversário da criação do ex-território federal do Amapá', 'ESTADUAL', 'Aniversário da criação do ex-território federal do Amapá', 'AP', null);
INSERT INTO feriado (data, nome, tipo, descricao, uf, codigo_ibge) VALUES ('02/07/2026', 'Independência da Bahia', 'ESTADUAL', 'Independência da Bahia', 'BA', null);
INSERT INTO feriado (data, nome, tipo, descricao, uf, codigo_ibge) VALUES ('25/03/2026', 'Data Magna do Ceará', 'ESTADUAL', 'Data Magna do Ceará', 'CE', null);
INSERT INTO feriado (data, nome, tipo, descricao, uf, codigo_ibge) VALUES ('30/11/2026', 'Dia do Evangélico', 'ESTADUAL', 'Dia do Evangélico', 'DF', null);
INSERT INTO feriado (data, nome, tipo, descricao, uf, codigo_ibge) VALUES ('28/04/2026', 'Aniversário do Estado', 'ESTADUAL', 'Aniversário do Estado', 'ES', null);
INSERT INTO feriado (data, nome, tipo, descricao, uf, codigo_ibge) VALUES ('28/07/2026', 'Adesão ao Império Brasileiro', 'ESTADUAL', 'Adesão ao Império Brasileiro', 'MA', null);
INSERT INTO feriado (data, nome, tipo, descricao, uf, codigo_ibge) VALUES ('11/10/2026', 'Aniversário do Mato Grosso do Sul', 'ESTADUAL', 'Aniversário do Mato Grosso do Sul', 'MS', null);
INSERT INTO feriado (data, nome, tipo, descricao, uf, codigo_ibge) VALUES ('15/08/2026', 'Adesão ao Império Brasileiro', 'ESTADUAL', 'Adesão ao Império Brasileiro', 'PA', null);
INSERT INTO feriado (data, nome, tipo, descricao, uf, codigo_ibge) VALUES ('05/08/2026', 'Fundação do Estado da Paraíba', 'ESTADUAL', 'Fundação do Estado da Paraíba', 'PB', null);
INSERT INTO feriado (data, nome, tipo, descricao, uf, codigo_ibge) VALUES ('06/03/2026', 'Revolução Pernambucana', 'ESTADUAL', 'Revolução Pernambucana', 'PE', null);
INSERT INTO feriado (data, nome, tipo, descricao, uf, codigo_ibge) VALUES ('24/06/2026', 'Dia de São João', 'ESTADUAL', 'Dia de São João', 'PE', null);
INSERT INTO feriado (data, nome, tipo, descricao, uf, codigo_ibge) VALUES ('19/10/2026', 'Dia do Piauí', 'ESTADUAL', 'Dia do Piauí', 'PI', null);
INSERT INTO feriado (data, nome, tipo, descricao, uf, codigo_ibge) VALUES ('04/03/2026', 'Carnaval', 'ESTADUAL', 'Carnaval', 'RJ', null);
INSERT INTO feriado (data, nome, tipo, descricao, uf, codigo_ibge) VALUES ('03/10/2026', 'Mártires de Cunhaú e Uruaçu', 'ESTADUAL', 'Mártires de Cunhaú e Uruaçu', 'RN', null);
INSERT INTO feriado (data, nome, tipo, descricao, uf, codigo_ibge) VALUES ('04/01/2026', 'Aniversário de Rondônia', 'ESTADUAL', 'Aniversário de Rondônia', 'RO', null);
INSERT INTO feriado (data, nome, tipo, descricao, uf, codigo_ibge) VALUES ('05/10/2026', 'Aniversário de Roraima', 'ESTADUAL', 'Aniversário de Roraima', 'RR', null);
INSERT INTO feriado (data, nome, tipo, descricao, uf, codigo_ibge) VALUES ('20/11/2026', 'Dia da Consciência Negra', 'ESTADUAL', 'Dia da Consciência Negra', 'RR', null);
INSERT INTO feriado (data, nome, tipo, descricao, uf, codigo_ibge) VALUES ('20/09/2026', 'Proc. República Rio Grandense', 'ESTADUAL', 'Proc. República Rio Grandense', 'RS', null);
INSERT INTO feriado (data, nome, tipo, descricao, uf, codigo_ibge) VALUES ('08/07/2026', 'Aniversário de Sergipe', 'ESTADUAL', 'Aniversário de Sergipe', 'SE', null);
INSERT INTO feriado (data, nome, tipo, descricao, uf, codigo_ibge) VALUES ('09/07/2026', 'Revolução Constitucionalista', 'ESTADUAL', 'Revolução Constitucionalista', 'SP', null);
INSERT INTO feriado (data, nome, tipo, descricao, uf, codigo_ibge) VALUES ('08/09/2026', 'Padroeira de Tocantins', 'ESTADUAL', 'Padroeira de Tocantins', 'TO', null);
INSERT INTO feriado (data, nome, tipo, descricao, uf, codigo_ibge) VALUES ('05/10/2026', 'Aniversário de Tocantins', 'ESTADUAL', 'Aniversário de Tocantins', 'TO', null);
